{"stats":{"minecraft:broken":{"minecraft:stone_pickaxe":1},"minecraft:used":{"minecraft:diorite":2,"minecraft:stone_sword":115,"minecraft:stone_pickaxe":211,"minecraft:shield":65,"minecraft:wooden_pickaxe":20,"minecraft:iron_sword":92,"minecraft:cobblestone_slab":6,"minecraft:sugar_cane":7,"minecraft:iron_chestplate":1,"minecraft:torch":17,"minecraft:dirt":13,"minecraft:mutton":2,"minecraft:crafting_table":4,"minecraft:blast_furnace":1,"minecraft:white_bed":3,"minecraft:acacia_sapling":3,"minecraft:apple":1,"minecraft:bread":19,"minecraft:iron_pickaxe":62,"minecraft:iron_helmet":1,"minecraft:iron_boots":1,"minecraft:gravel":1,"minecraft:stone_axe":22,"minecraft:furnace":4,"minecraft:cooked_beef":2,"minecraft:iron_leggings":1},"minecraft:custom":{"minecraft:interact_with_furnace":21,"minecraft:mob_kills":72,"minecraft:interact_with_crafting_table":23,"minecraft:leave_game":1,"minecraft:time_since_death":27964,"minecraft:sleep_in_bed":8,"minecraft:time_since_rest":8445,"minecraft:sprint_one_cm":135801,"minecraft:damage_taken":2710,"minecraft:walk_one_cm":333864,"minecraft:damage_blocked_by_shield":3270,"minecraft:drop":2,"minecraft:damage_dealt":11774,"minecraft:talked_to_villager":1,"minecraft:fly_one_cm":69235,"minecraft:open_chest":5,"minecraft:crouch_one_cm":1731,"minecraft:play_time":72880,"minecraft:deaths":5,"minecraft:sneak_time":1087,"minecraft:walk_under_water_one_cm":4484,"minecraft:jump":1018,"minecraft:interact_with_blast_furnace":6,"minecraft:walk_on_water_one_cm":6243,"minecraft:total_world_time":72880,"minecraft:fall_one_cm":17511},"minecraft:crafted":{"minecraft:cooked_beef":2,"minecraft:smooth_stone":3,"minecraft:oak_planks":20,"minecraft:cobblestone_slab":6,"minecraft:crafting_table":2,"minecraft:iron_helmet":1,"minecraft:iron_sword":1,"minecraft:furnace":3,"minecraft:blast_furnace":1,"minecraft:stone":3,"minecraft:stone_axe":1,"minecraft:bread":30,"minecraft:iron_boots":1,"minecraft:iron_chestplate":1,"minecraft:shield":3,"minecraft:stick":16,"minecraft:iron_ingot":55,"minecraft:iron_pickaxe":1,"minecraft:stone_pickaxe":2,"minecraft:stone_sword":1,"minecraft:iron_leggings":1,"minecraft:white_bed":1,"minecraft:acacia_planks":40,"minecraft:torch":28,"minecraft:wheat":90},"minecraft:picked_up":{"minecraft:crafting_table":2,"minecraft:glow_ink_sac":6,"minecraft:leather":42,"minecraft:wooden_pickaxe":6,"minecraft:tuff":7,"minecraft:oak_log":5,"minecraft:shield":2,"minecraft:gunpowder":3,"minecraft:lapis_lazuli":10,"minecraft:dirt":39,"minecraft:string":14,"minecraft:raw_copper":10,"minecraft:bone":35,"minecraft:acacia_planks":10,"minecraft:apple":1,"minecraft:wheat_seeds":18,"minecraft:cobbled_deepslate":5,"minecraft:raw_gold":25,"minecraft:iron_ingot":56,"minecraft:beef":102,"minecraft:stone_pickaxe":5,"minecraft:iron_pickaxe":2,"minecraft:sugar_cane":7,"minecraft:acacia_sapling":3,"minecraft:oak_planks":47,"minecraft:furnace":2,"minecraft:raw_iron":214,"minecraft:stick":9,"minecraft:stone":3,"minecraft:torch":29,"minecraft:acacia_log":50,"minecraft:gravel":2,"minecraft:porkchop":90,"minecraft:pointed_dripstone":2,"minecraft:diorite":3,"minecraft:white_bed":2,"minecraft:spider_eye":10,"minecraft:stone_sword":5,"minecraft:arrow":26,"minecraft:rotten_flesh":67,"minecraft:stone_axe":5,"minecraft:hay_block":10,"minecraft:granite":16,"minecraft:bread":147,"minecraft:oak_sapling":5,"minecraft:mutton":22,"minecraft:coal":284,"minecraft:cobblestone":291,"minecraft:white_wool":3},"minecraft:killed":{"minecraft:pig":7,"minecraft:witch":1,"minecraft:spider":3,"minecraft:creeper":2,"minecraft:sheep":3,"minecraft:skeleton":13,"minecraft:zombie":31,"minecraft:cow":8},"minecraft:mined":{"minecraft:tuff":3,"minecraft:acacia_leaves":3,"minecraft:white_bed":2,"minecraft:crafting_table":2,"minecraft:torch":1,"minecraft:granite":4,"minecraft:acacia_log":10,"minecraft:grass_block":5,"minecraft:tall_grass":4,"minecraft:deepslate_gold_ore":4,"minecraft:lapis_ore":1,"minecraft:sugar_cane":4,"minecraft:diorite":2,"minecraft:wall_torch":1,"minecraft:hay_block":10,"minecraft:furnace":2,"minecraft:iron_ore":97,"minecraft:grass":14,"minecraft:deepslate_iron_ore":28,"minecraft:oak_log":5,"minecraft:coal_ore":54,"minecraft:gravel":1,"minecraft:dirt":16,"minecraft:stone":79,"minecraft:gold_ore":7,"minecraft:deepslate":1},"minecraft:killed_by":{"minecraft:skeleton":3,"minecraft:creeper":2},"minecraft:dropped":{"minecraft:gravel":1,"minecraft:coal":11}},"DataVersion":3465}