{"stats":{"minecraft:broken":{"minecraft:stone_pickaxe":1,"minecraft:stone_sword":1},"minecraft:used":{"minecraft:diorite":2,"minecraft:stone_sword":132,"minecraft:stone_pickaxe":214,"minecraft:shield":75,"minecraft:wooden_pickaxe":20,"minecraft:iron_sword":214,"minecraft:cobblestone_slab":6,"minecraft:sugar_cane":7,"minecraft:rotten_flesh":14,"minecraft:iron_chestplate":1,"minecraft:torch":52,"minecraft:dirt":13,"minecraft:mutton":2,"minecraft:crafting_table":4,"minecraft:blast_furnace":1,"minecraft:white_bed":3,"minecraft:acacia_sapling":3,"minecraft:tuff":9,"minecraft:apple":1,"minecraft:bread":34,"minecraft:iron_pickaxe":106,"minecraft:iron_helmet":1,"minecraft:iron_boots":1,"minecraft:gravel":1,"minecraft:stone_axe":22,"minecraft:furnace":4,"minecraft:bucket":1,"minecraft:cobbled_deepslate":12,"minecraft:cooked_beef":2,"minecraft:iron_leggings":1},"minecraft:custom":{"minecraft:interact_with_furnace":21,"minecraft:mob_kills":112,"minecraft:interact_with_crafting_table":23,"minecraft:leave_game":2,"minecraft:time_since_death":24303,"minecraft:sleep_in_bed":8,"minecraft:time_since_rest":24327,"minecraft:sprint_one_cm":185105,"minecraft:damage_taken":3965,"minecraft:walk_one_cm":598770,"minecraft:damage_blocked_by_shield":3855,"minecraft:drop":7,"minecraft:damage_dealt":16675,"minecraft:talked_to_villager":1,"minecraft:fly_one_cm":82672,"minecraft:open_chest":5,"minecraft:crouch_one_cm":1923,"minecraft:play_time":102952,"minecraft:deaths":6,"minecraft:sneak_time":1148,"minecraft:walk_under_water_one_cm":4484,"minecraft:jump":1273,"minecraft:interact_with_blast_furnace":6,"minecraft:walk_on_water_one_cm":9491,"minecraft:total_world_time":102952,"minecraft:fall_one_cm":18734},"minecraft:crafted":{"minecraft:cooked_beef":2,"minecraft:smooth_stone":3,"minecraft:oak_planks":20,"minecraft:cobblestone_slab":6,"minecraft:crafting_table":2,"minecraft:iron_helmet":1,"minecraft:iron_sword":1,"minecraft:furnace":3,"minecraft:blast_furnace":1,"minecraft:stone":3,"minecraft:stone_axe":1,"minecraft:bread":30,"minecraft:iron_boots":1,"minecraft:iron_chestplate":1,"minecraft:shield":3,"minecraft:stick":20,"minecraft:iron_ingot":55,"minecraft:iron_pickaxe":1,"minecraft:stone_pickaxe":2,"minecraft:stone_sword":1,"minecraft:iron_leggings":1,"minecraft:white_bed":1,"minecraft:acacia_planks":40,"minecraft:torch":36,"minecraft:wheat":90},"minecraft:picked_up":{"minecraft:iron_chestplate":1,"minecraft:crafting_table":2,"minecraft:glow_ink_sac":9,"minecraft:leather":49,"minecraft:wooden_pickaxe":7,"minecraft:tuff":11,"minecraft:oak_log":5,"minecraft:chainmail_chestplate":2,"minecraft:shield":3,"minecraft:gunpowder":12,"minecraft:lapis_lazuli":15,"minecraft:dirt":47,"minecraft:string":72,"minecraft:raw_copper":12,"minecraft:iron_leggings":1,"minecraft:bone":53,"minecraft:acacia_planks":38,"minecraft:apple":1,"minecraft:wheat_seeds":21,"minecraft:cobbled_deepslate":25,"minecraft:raw_gold":69,"minecraft:bucket":1,"minecraft:iron_ingot":75,"minecraft:beef":102,"minecraft:stone_pickaxe":6,"minecraft:iron_sword":1,"minecraft:iron_pickaxe":3,"minecraft:sugar_cane":7,"minecraft:acacia_sapling":3,"minecraft:oak_planks":49,"minecraft:iron_boots":1,"minecraft:furnace":2,"minecraft:raw_iron":234,"minecraft:stick":9,"minecraft:stone":3,"minecraft:music_disc_13":1,"minecraft:torch":35,"minecraft:acacia_log":50,"minecraft:gravel":2,"minecraft:porkchop":105,"minecraft:pointed_dripstone":4,"minecraft:diorite":3,"minecraft:white_bed":2,"minecraft:spider_eye":22,"minecraft:stone_sword":6,"minecraft:arrow":45,"minecraft:rotten_flesh":111,"minecraft:slime_ball":4,"minecraft:stone_axe":6,"minecraft:iron_helmet":1,"minecraft:hay_block":10,"minecraft:granite":23,"minecraft:bread":158,"minecraft:oak_sapling":6,"minecraft:mutton":26,"minecraft:coal":294,"minecraft:cobblestone":333,"minecraft:white_wool":3},"minecraft:killed":{"minecraft:cave_spider":13,"minecraft:pig":7,"minecraft:witch":1,"minecraft:spider":4,"minecraft:slime":12,"minecraft:creeper":8,"minecraft:sheep":3,"minecraft:skeleton":14,"minecraft:zombie":38,"minecraft:cow":8},"minecraft:mined":{"minecraft:tuff":6,"minecraft:acacia_leaves":3,"minecraft:white_bed":2,"minecraft:crafting_table":2,"minecraft:torch":1,"minecraft:granite":4,"minecraft:acacia_log":10,"minecraft:grass_block":5,"minecraft:tall_grass":4,"minecraft:deepslate_gold_ore":30,"minecraft:lapis_ore":1,"minecraft:sugar_cane":4,"minecraft:diorite":2,"minecraft:wall_torch":2,"minecraft:hay_block":10,"minecraft:furnace":2,"minecraft:iron_ore":97,"minecraft:grass":14,"minecraft:deepslate_iron_ore":37,"minecraft:oak_log":5,"minecraft:coal_ore":54,"minecraft:gravel":1,"minecraft:dirt":16,"minecraft:cobweb":37,"minecraft:stone":79,"minecraft:gold_ore":7,"minecraft:deepslate":10},"minecraft:killed_by":{"minecraft:cave_spider":1,"minecraft:skeleton":3,"minecraft:creeper":2},"minecraft:dropped":{"minecraft:gravel":1,"minecraft:pointed_dripstone":2,"minecraft:oak_planks":2,"minecraft:coal":11,"minecraft:oak_sapling":1}},"DataVersion":3465}