{"stats":{"minecraft:used":{"minecraft:stone_sword":47,"minecraft:bread":3,"minecraft:stone_pickaxe":85,"minecraft:wooden_pickaxe":20,"minecraft:sugar_cane":7,"minecraft:stone_axe":7,"minecraft:dirt":5,"minecraft:crafting_table":2,"minecraft:white_bed":1,"minecraft:acacia_sapling":3},"minecraft:crafted":{"minecraft:oak_planks":20,"minecraft:crafting_table":1,"minecraft:stick":4,"minecraft:stone_pickaxe":1,"minecraft:stone_sword":1,"minecraft:white_bed":1,"minecraft:acacia_planks":8,"minecraft:stone_axe":1,"minecraft:bread":30,"minecraft:wheat":90},"minecraft:custom":{"minecraft:time_since_rest":6884,"minecraft:sprint_one_cm":53032,"minecraft:damage_taken":40,"minecraft:walk_one_cm":64916,"minecraft:mob_kills":21,"minecraft:damage_dealt":2362,"minecraft:talked_to_villager":1,"minecraft:interact_with_crafting_table":4,"minecraft:fly_one_cm":25936,"minecraft:open_chest":2,"minecraft:crouch_one_cm":288,"minecraft:play_time":18919,"minecraft:sneak_time":172,"minecraft:jump":235,"minecraft:time_since_death":18919,"minecraft:sleep_in_bed":2,"minecraft:total_world_time":18919,"minecraft:fall_one_cm":3648},"minecraft:picked_up":{"minecraft:crafting_table":2,"minecraft:stick":1,"minecraft:raw_iron":1,"minecraft:leather":7,"minecraft:wooden_pickaxe":1,"minecraft:acacia_log":2,"minecraft:porkchop":15,"minecraft:oak_log":5,"minecraft:white_bed":1,"minecraft:spider_eye":1,"minecraft:string":2,"minecraft:dirt":14,"minecraft:bone":2,"minecraft:rotten_flesh":1,"minecraft:wheat_seeds":3,"minecraft:hay_block":10,"minecraft:beef":17,"minecraft:sugar_cane":7,"minecraft:mutton":6,"minecraft:acacia_sapling":3,"minecraft:coal":54,"minecraft:white_wool":3,"minecraft:cobblestone":41},"minecraft:killed":{"minecraft:sheep":3,"minecraft:pig":7,"minecraft:zombie":2,"minecraft:spider":1,"minecraft:cow":8},"minecraft:mined":{"minecraft:hay_block":10,"minecraft:acacia_leaves":3,"minecraft:white_bed":1,"minecraft:iron_ore":1,"minecraft:crafting_table":2,"minecraft:grass":14,"minecraft:acacia_log":2,"minecraft:oak_log":5,"minecraft:grass_block":5,"minecraft:coal_ore":54,"minecraft:dirt":9,"minecraft:tall_grass":4,"minecraft:stone":41,"minecraft:sugar_cane":4}},"DataVersion":3465}