{"stats":{"minecraft:broken":{"minecraft:stone_pickaxe":1},"minecraft:used":{"minecraft:stone_sword":72,"minecraft:stone_pickaxe":146,"minecraft:shield":4,"minecraft:wooden_pickaxe":20,"minecraft:sugar_cane":7,"minecraft:torch":2,"minecraft:dirt":13,"minecraft:mutton":2,"minecraft:crafting_table":4,"minecraft:white_bed":2,"minecraft:acacia_sapling":3,"minecraft:apple":1,"minecraft:bread":4,"minecraft:iron_pickaxe":8,"minecraft:stone_axe":22,"minecraft:furnace":2},"minecraft:crafted":{"minecraft:oak_planks":20,"minecraft:cobblestone_slab":6,"minecraft:crafting_table":2,"minecraft:furnace":2,"minecraft:stone_axe":1,"minecraft:bread":30,"minecraft:shield":1,"minecraft:stick":12,"minecraft:iron_ingot":5,"minecraft:iron_pickaxe":1,"minecraft:stone_pickaxe":2,"minecraft:stone_sword":1,"minecraft:white_bed":1,"minecraft:acacia_planks":8,"minecraft:torch":8,"minecraft:wheat":90},"minecraft:custom":{"minecraft:interact_with_furnace":4,"minecraft:mob_kills":29,"minecraft:interact_with_crafting_table":10,"minecraft:leave_game":1,"minecraft:time_since_death":5512,"minecraft:sleep_in_bed":6,"minecraft:time_since_rest":1945,"minecraft:sprint_one_cm":91690,"minecraft:damage_taken":1170,"minecraft:walk_one_cm":151999,"minecraft:damage_blocked_by_shield":255,"minecraft:damage_dealt":3881,"minecraft:talked_to_villager":1,"minecraft:fly_one_cm":42630,"minecraft:open_chest":2,"minecraft:crouch_one_cm":380,"minecraft:play_time":36880,"minecraft:deaths":3,"minecraft:sneak_time":277,"minecraft:walk_under_water_one_cm":210,"minecraft:jump":481,"minecraft:walk_on_water_one_cm":682,"minecraft:total_world_time":36880,"minecraft:fall_one_cm":5779},"minecraft:picked_up":{"minecraft:crafting_table":2,"minecraft:glow_ink_sac":2,"minecraft:leather":28,"minecraft:wooden_pickaxe":4,"minecraft:oak_log":5,"minecraft:lapis_lazuli":5,"minecraft:dirt":30,"minecraft:string":8,"minecraft:raw_copper":6,"minecraft:bone":15,"minecraft:acacia_planks":6,"minecraft:apple":1,"minecraft:wheat_seeds":12,"minecraft:raw_gold":7,"minecraft:beef":68,"minecraft:stone_pickaxe":3,"minecraft:sugar_cane":7,"minecraft:acacia_sapling":3,"minecraft:oak_planks":41,"minecraft:raw_iron":112,"minecraft:stick":7,"minecraft:torch":22,"minecraft:acacia_log":34,"minecraft:porkchop":60,"minecraft:diorite":1,"minecraft:white_bed":2,"minecraft:spider_eye":4,"minecraft:stone_sword":3,"minecraft:arrow":7,"minecraft:rotten_flesh":14,"minecraft:stone_axe":3,"minecraft:hay_block":10,"minecraft:granite":6,"minecraft:bread":93,"minecraft:oak_sapling":3,"minecraft:mutton":18,"minecraft:coal":201,"minecraft:cobblestone":202,"minecraft:white_wool":3},"minecraft:killed":{"minecraft:pig":7,"minecraft:spider":2,"minecraft:sheep":3,"minecraft:skeleton":3,"minecraft:zombie":6,"minecraft:cow":8},"minecraft:mined":{"minecraft:acacia_leaves":3,"minecraft:white_bed":2,"minecraft:crafting_table":2,"minecraft:acacia_log":10,"minecraft:grass_block":5,"minecraft:tall_grass":4,"minecraft:lapis_ore":1,"minecraft:sugar_cane":4,"minecraft:wall_torch":1,"minecraft:hay_block":10,"minecraft:iron_ore":39,"minecraft:grass":14,"minecraft:oak_log":5,"minecraft:coal_ore":54,"minecraft:dirt":13,"minecraft:stone":64,"minecraft:gold_ore":7},"minecraft:killed_by":{"minecraft:skeleton":1,"minecraft:creeper":2}},"DataVersion":3465}