{"stats":{"minecraft:crafted":{"minecraft:oak_planks":20,"minecraft:crafting_table":1,"minecraft:furnace":1,"minecraft:stone_axe":1,"minecraft:bread":30,"minecraft:stick":8,"minecraft:stone_pickaxe":1,"minecraft:stone_sword":1,"minecraft:white_bed":1,"minecraft:acacia_planks":8,"minecraft:torch":8,"minecraft:wheat":90},"minecraft:used":{"minecraft:stone_sword":57,"minecraft:stone_pickaxe":120,"minecraft:wooden_pickaxe":20,"minecraft:sugar_cane":7,"minecraft:torch":2,"minecraft:dirt":13,"minecraft:mutton":2,"minecraft:crafting_table":3,"minecraft:white_bed":2,"minecraft:acacia_sapling":3,"minecraft:apple":1,"minecraft:bread":3,"minecraft:stone_axe":18,"minecraft:furnace":1},"minecraft:custom":{"minecraft:interact_with_furnace":1,"minecraft:mob_kills":24,"minecraft:interact_with_crafting_table":5,"minecraft:leave_game":1,"minecraft:time_since_death":1364,"minecraft:sleep_in_bed":5,"minecraft:time_since_rest":1401,"minecraft:sprint_one_cm":71446,"minecraft:damage_taken":525,"minecraft:walk_one_cm":106140,"minecraft:damage_dealt":2922,"minecraft:talked_to_villager":1,"minecraft:fly_one_cm":31188,"minecraft:open_chest":2,"minecraft:crouch_one_cm":288,"minecraft:play_time":27972,"minecraft:deaths":1,"minecraft:sneak_time":172,"minecraft:jump":321,"minecraft:total_world_time":27972,"minecraft:fall_one_cm":5779},"minecraft:picked_up":{"minecraft:crafting_table":2,"minecraft:leather":14,"minecraft:wooden_pickaxe":2,"minecraft:oak_log":5,"minecraft:dirt":19,"minecraft:string":4,"minecraft:bone":6,"minecraft:acacia_planks":2,"minecraft:apple":1,"minecraft:wheat_seeds":6,"minecraft:beef":34,"minecraft:stone_pickaxe":1,"minecraft:sugar_cane":7,"minecraft:acacia_sapling":3,"minecraft:oak_planks":15,"minecraft:raw_iron":47,"minecraft:stick":3,"minecraft:torch":8,"minecraft:acacia_log":18,"minecraft:porkchop":30,"minecraft:white_bed":1,"minecraft:spider_eye":2,"minecraft:stone_sword":1,"minecraft:arrow":2,"minecraft:rotten_flesh":6,"minecraft:stone_axe":1,"minecraft:hay_block":10,"minecraft:bread":31,"minecraft:oak_sapling":1,"minecraft:mutton":10,"minecraft:coal":103,"minecraft:cobblestone":85,"minecraft:white_wool":3},"minecraft:killed":{"minecraft:pig":7,"minecraft:spider":2,"minecraft:sheep":3,"minecraft:skeleton":1,"minecraft:zombie":3,"minecraft:cow":8},"minecraft:mined":{"minecraft:acacia_leaves":3,"minecraft:white_bed":1,"minecraft:crafting_table":2,"minecraft:acacia_log":10,"minecraft:grass_block":5,"minecraft:tall_grass":4,"minecraft:sugar_cane":4,"minecraft:wall_torch":1,"minecraft:hay_block":10,"minecraft:iron_ore":25,"minecraft:grass":14,"minecraft:coal_ore":54,"minecraft:oak_log":5,"minecraft:dirt":11,"minecraft:stone":52},"minecraft:killed_by":{"minecraft:skeleton":1}},"DataVersion":3465}