{"stats":{"minecraft:broken":{"minecraft:stone_pickaxe":1},"minecraft:used":{"minecraft:stone_sword":115,"minecraft:stone_pickaxe":184,"minecraft:shield":35,"minecraft:wooden_pickaxe":20,"minecraft:cobblestone_slab":6,"minecraft:sugar_cane":7,"minecraft:iron_chestplate":1,"minecraft:torch":6,"minecraft:dirt":13,"minecraft:mutton":2,"minecraft:crafting_table":4,"minecraft:white_bed":3,"minecraft:acacia_sapling":3,"minecraft:apple":1,"minecraft:bread":9,"minecraft:iron_pickaxe":18,"minecraft:gravel":1,"minecraft:stone_axe":22,"minecraft:furnace":4,"minecraft:iron_leggings":1},"minecraft:crafted":{"minecraft:oak_planks":20,"minecraft:cobblestone_slab":6,"minecraft:crafting_table":2,"minecraft:furnace":3,"minecraft:stone":3,"minecraft:stone_axe":1,"minecraft:bread":30,"minecraft:iron_chestplate":1,"minecraft:shield":1,"minecraft:stick":12,"minecraft:iron_ingot":48,"minecraft:iron_pickaxe":1,"minecraft:stone_pickaxe":2,"minecraft:stone_sword":1,"minecraft:iron_leggings":1,"minecraft:white_bed":1,"minecraft:acacia_planks":8,"minecraft:torch":8,"minecraft:wheat":90},"minecraft:custom":{"minecraft:interact_with_furnace":11,"minecraft:mob_kills":41,"minecraft:interact_with_crafting_table":14,"minecraft:leave_game":1,"minecraft:time_since_death":3964,"minecraft:sleep_in_bed":7,"minecraft:time_since_rest":176,"minecraft:sprint_one_cm":108385,"minecraft:damage_taken":1946,"minecraft:walk_one_cm":218946,"minecraft:damage_blocked_by_shield":1680,"minecraft:drop":1,"minecraft:damage_dealt":5914,"minecraft:talked_to_villager":1,"minecraft:fly_one_cm":54094,"minecraft:open_chest":2,"minecraft:crouch_one_cm":633,"minecraft:play_time":48880,"minecraft:deaths":5,"minecraft:sneak_time":423,"minecraft:walk_under_water_one_cm":516,"minecraft:jump":651,"minecraft:walk_on_water_one_cm":2844,"minecraft:total_world_time":48880,"minecraft:fall_one_cm":8115},"minecraft:picked_up":{"minecraft:crafting_table":2,"minecraft:glow_ink_sac":6,"minecraft:leather":42,"minecraft:wooden_pickaxe":6,"minecraft:oak_log":5,"minecraft:shield":2,"minecraft:gunpowder":1,"minecraft:lapis_lazuli":10,"minecraft:dirt":37,"minecraft:string":14,"minecraft:raw_copper":10,"minecraft:bone":27,"minecraft:acacia_planks":10,"minecraft:apple":1,"minecraft:wheat_seeds":18,"minecraft:raw_gold":21,"minecraft:iron_ingot":56,"minecraft:beef":102,"minecraft:stone_pickaxe":5,"minecraft:iron_pickaxe":2,"minecraft:sugar_cane":7,"minecraft:acacia_sapling":3,"minecraft:oak_planks":47,"minecraft:furnace":1,"minecraft:raw_iron":162,"minecraft:stick":9,"minecraft:stone":3,"minecraft:torch":28,"minecraft:acacia_log":50,"minecraft:gravel":2,"minecraft:porkchop":90,"minecraft:diorite":2,"minecraft:white_bed":2,"minecraft:spider_eye":6,"minecraft:stone_sword":5,"minecraft:arrow":17,"minecraft:rotten_flesh":46,"minecraft:stone_axe":5,"minecraft:hay_block":10,"minecraft:granite":15,"minecraft:bread":147,"minecraft:oak_sapling":5,"minecraft:mutton":22,"minecraft:coal":284,"minecraft:cobblestone":286,"minecraft:white_wool":3},"minecraft:killed":{"minecraft:pig":7,"minecraft:spider":3,"minecraft:creeper":1,"minecraft:sheep":3,"minecraft:skeleton":5,"minecraft:zombie":13,"minecraft:cow":8},"minecraft:mined":{"minecraft:acacia_leaves":3,"minecraft:white_bed":2,"minecraft:crafting_table":2,"minecraft:granite":3,"minecraft:acacia_log":10,"minecraft:grass_block":5,"minecraft:tall_grass":4,"minecraft:lapis_ore":1,"minecraft:sugar_cane":4,"minecraft:wall_torch":1,"minecraft:hay_block":10,"minecraft:furnace":1,"minecraft:iron_ore":73,"minecraft:grass":14,"minecraft:oak_log":5,"minecraft:coal_ore":54,"minecraft:gravel":1,"minecraft:dirt":14,"minecraft:stone":74,"minecraft:gold_ore":7},"minecraft:killed_by":{"minecraft:skeleton":3,"minecraft:creeper":2},"minecraft:dropped":{"minecraft:gravel":1}},"DataVersion":3465}