{"stats":{"minecraft:used":{"minecraft:crafting_table":1,"minecraft:stone_pickaxe":51,"minecraft:acacia_sapling":3,"minecraft:wooden_pickaxe":11},"minecraft:custom":{"minecraft:time_since_rest":6919,"minecraft:crouch_one_cm":288,"minecraft:play_time":6919,"minecraft:sprint_one_cm":13402,"minecraft:damage_taken":10,"minecraft:walk_one_cm":13859,"minecraft:sneak_time":128,"minecraft:mob_kills":3,"minecraft:jump":66,"minecraft:damage_dealt":240,"minecraft:time_since_death":6919,"minecraft:total_world_time":6919,"minecraft:interact_with_crafting_table":1,"minecraft:fall_one_cm":1498,"minecraft:fly_one_cm":5691},"minecraft:crafted":{"minecraft:stone_sword":1,"minecraft:acacia_planks":8,"minecraft:stone_axe":1,"minecraft:crafting_table":1,"minecraft:stick":4,"minecraft:stone_pickaxe":1},"minecraft:picked_up":{"minecraft:raw_iron":1,"minecraft:stick":1,"minecraft:wheat_seeds":3,"minecraft:acacia_log":2,"minecraft:wooden_pickaxe":1,"minecraft:coal":30,"minecraft:mutton":6,"minecraft:dirt":5,"minecraft:acacia_sapling":3,"minecraft:white_wool":3,"minecraft:cobblestone":30},"minecraft:killed":{"minecraft:sheep":3},"minecraft:mined":{"minecraft:grass":5,"minecraft:acacia_log":2,"minecraft:grass_block":2,"minecraft:coal_ore":30,"minecraft:acacia_leaves":3,"minecraft:dirt":3,"minecraft:iron_ore":1,"minecraft:tall_grass":4,"minecraft:stone":31}},"DataVersion":3465}