{"stats":{"minecraft:broken":{"minecraft:stone_axe":1},"minecraft:crafted":{"minecraft:wooden_sword":1,"minecraft:smooth_stone":4,"minecraft:oak_planks":360,"minecraft:wooden_shovel":1,"minecraft:emerald":19,"minecraft:crafting_table":2,"minecraft:wooden_pickaxe":1,"minecraft:blast_furnace":1,"minecraft:furnace":2,"minecraft:stone":4,"minecraft:fletching_table":1,"minecraft:campfire":3,"minecraft:stone_axe":1,"minecraft:cooked_mutton":2,"minecraft:air":0,"minecraft:iron_chestplate":1,"minecraft:charcoal":3,"minecraft:shield":1,"minecraft:iron_axe":1,"minecraft:stick":672,"minecraft:iron_ingot":16,"minecraft:stone_pickaxe":1,"minecraft:wooden_axe":1,"minecraft:stone_sword":1,"minecraft:chest":1,"minecraft:iron_leggings":1,"minecraft:acacia_planks":60,"minecraft:torch":32},"minecraft:custom":{"minecraft:interact_with_furnace":22,"minecraft:mob_kills":18,"minecraft:traded_with_villager":21,"minecraft:interact_with_crafting_table":25,"minecraft:interact_with_campfire":28,"minecraft:leave_game":35,"minecraft:time_since_death":41184,"minecraft:sleep_in_bed":11,"minecraft:time_since_rest":176,"minecraft:sprint_one_cm":254986,"minecraft:damage_taken":1140,"minecraft:walk_one_cm":124490,"minecraft:damage_blocked_by_shield":1125,"minecraft:drop":6,"minecraft:damage_dealt":1895,"minecraft:swim_one_cm":6573,"minecraft:talked_to_villager":10,"minecraft:fly_one_cm":652704,"minecraft:open_chest":10,"minecraft:crouch_one_cm":6051,"minecraft:play_time":115323,"minecraft:deaths":1,"minecraft:sneak_time":1706,"minecraft:walk_under_water_one_cm":577,"minecraft:jump":2638,"minecraft:interact_with_blast_furnace":1,"minecraft:walk_on_water_one_cm":5060,"minecraft:total_world_time":115323,"minecraft:fall_one_cm":72607},"minecraft:used":{"minecraft:cooked_mutton":3,"minecraft:cherry_sapling":2,"minecraft:stone_sword":6,"minecraft:stone_pickaxe":105,"minecraft:baked_potato":6,"minecraft:oak_planks":5,"minecraft:chest":2,"minecraft:wooden_pickaxe":16,"minecraft:shield":22,"minecraft:fletching_table":1,"minecraft:wooden_shovel":6,"minecraft:sugar_cane":8,"minecraft:cooked_chicken":1,"minecraft:torch":26,"minecraft:dirt":9,"minecraft:crafting_table":2,"minecraft:blast_furnace":1,"minecraft:campfire":3,"minecraft:apple":3,"minecraft:iron_axe":168,"minecraft:bread":16,"minecraft:stone_axe":104,"minecraft:cobblestone":23,"minecraft:furnace":3,"minecraft:yellow_bed":2,"minecraft:cooked_beef":3,"minecraft:cobbled_deepslate":4,"minecraft:acacia_planks":33},"minecraft:picked_up":{"minecraft:birch_log":33,"minecraft:pink_petals":10,"minecraft:feather":4,"minecraft:cooked_beef":16,"minecraft:chicken":1,"minecraft:leather":14,"minecraft:flint":2,"minecraft:oak_log":183,"minecraft:yellow_bed":3,"minecraft:shield":1,"minecraft:dirt":9,"minecraft:cooked_mutton":1,"minecraft:bone":6,"minecraft:acacia_planks":12,"minecraft:apple":12,"minecraft:wheat_seeds":14,"minecraft:cobbled_deepslate":4,"minecraft:iron_ingot":2,"minecraft:beef":8,"minecraft:stone_pickaxe":2,"minecraft:cooked_chicken":2,"minecraft:sugar_cane":8,"minecraft:chest":2,"minecraft:oak_planks":15,"minecraft:egg":5,"minecraft:furnace":2,"minecraft:stick":14,"minecraft:raw_iron":20,"minecraft:cooked_porkchop":16,"minecraft:torch":15,"minecraft:acacia_log":15,"minecraft:porkchop":10,"minecraft:cherry_log":44,"minecraft:diorite":2,"minecraft:stone_sword":1,"minecraft:arrow":4,"minecraft:rotten_flesh":4,"minecraft:stone_axe":1,"minecraft:cherry_sapling":2,"minecraft:emerald":1,"minecraft:bread":5,"minecraft:baked_potato":6,"minecraft:oak_sapling":29,"minecraft:mutton":8,"minecraft:coal":49,"minecraft:white_wool":8,"minecraft:cobblestone":54},"minecraft:killed":{"minecraft:pig":4,"minecraft:spider":1,"minecraft:skeleton":1,"minecraft:sheep":5,"minecraft:zombie":2,"minecraft:chicken":1,"minecraft:cow":4},"minecraft:mined":{"minecraft:cherry_log":22,"minecraft:torch":5,"minecraft:acacia_log":15,"minecraft:grass_block":2,"minecraft:chest":1,"minecraft:tall_grass":11,"minecraft:cobblestone":18,"minecraft:sugar_cane":6,"minecraft:diorite":1,"minecraft:wall_torch":3,"minecraft:pink_petals":3,"minecraft:seagrass":1,"minecraft:furnace":2,"minecraft:birch_log":33,"minecraft:iron_ore":10,"minecraft:yellow_bed":2,"minecraft:grass":54,"minecraft:oak_log":167,"minecraft:coal_ore":35,"minecraft:deepslate_iron_ore":6,"minecraft:cherry_leaves":12,"minecraft:dirt":7,"minecraft:acacia_planks":1,"minecraft:stone":34,"minecraft:oak_leaves":16,"minecraft:deepslate":4},"minecraft:killed_by":{"minecraft:skeleton":1},"minecraft:dropped":{"minecraft:stick":1,"minecraft:wooden_axe":1,"minecraft:wooden_shovel":1,"minecraft:wooden_sword":1,"minecraft:wooden_pickaxe":1,"minecraft:stone_pickaxe":1}},"DataVersion":3465}