{"stats":{"minecraft:custom":{"minecraft:interact_with_furnace":12,"minecraft:mob_kills":16,"minecraft:interact_with_crafting_table":14,"minecraft:interact_with_campfire":25,"minecraft:leave_game":22,"minecraft:time_since_death":50262,"minecraft:sleep_in_bed":4,"minecraft:time_since_rest":2631,"minecraft:sprint_one_cm":72084,"minecraft:damage_taken":310,"minecraft:walk_one_cm":56072,"minecraft:damage_blocked_by_shield":180,"minecraft:drop":1,"minecraft:damage_dealt":1450,"minecraft:talked_to_villager":3,"minecraft:fly_one_cm":209254,"minecraft:open_chest":4,"minecraft:crouch_one_cm":5127,"minecraft:play_time":50262,"minecraft:sneak_time":1276,"minecraft:jump":792,"minecraft:walk_on_water_one_cm":1052,"minecraft:total_world_time":50262,"minecraft:fall_one_cm":18413},"minecraft:crafted":{"minecraft:wooden_sword":1,"minecraft:oak_planks":32,"minecraft:wooden_shovel":1,"minecraft:crafting_table":2,"minecraft:wooden_pickaxe":1,"minecraft:furnace":1,"minecraft:campfire":3,"minecraft:stone_axe":1,"minecraft:cooked_mutton":2,"minecraft:air":0,"minecraft:charcoal":3,"minecraft:shield":1,"minecraft:stick":20,"minecraft:iron_ingot":3,"minecraft:stone_pickaxe":1,"minecraft:wooden_axe":1,"minecraft:stone_sword":1,"minecraft:acacia_planks":60},"minecraft:used":{"minecraft:cooked_mutton":3,"minecraft:stone_sword":2,"minecraft:stone_pickaxe":13,"minecraft:baked_potato":3,"minecraft:shield":3,"minecraft:wooden_pickaxe":16,"minecraft:wooden_shovel":6,"minecraft:sugar_cane":8,"minecraft:dirt":6,"minecraft:crafting_table":2,"minecraft:campfire":3,"minecraft:bread":4,"minecraft:stone_axe":65,"minecraft:cobblestone":4,"minecraft:furnace":3,"minecraft:acacia_planks":33},"minecraft:picked_up":{"minecraft:feather":2,"minecraft:cooked_beef":8,"minecraft:chicken":1,"minecraft:leather":7,"minecraft:oak_log":31,"minecraft:yellow_bed":1,"minecraft:dirt":6,"minecraft:cooked_mutton":1,"minecraft:bone":3,"minecraft:acacia_planks":12,"minecraft:apple":2,"minecraft:wheat_seeds":2,"minecraft:beef":8,"minecraft:cooked_chicken":1,"minecraft:sugar_cane":8,"minecraft:chest":1,"minecraft:egg":1,"minecraft:furnace":2,"minecraft:stick":1,"minecraft:raw_iron":3,"minecraft:cooked_porkchop":7,"minecraft:acacia_log":15,"minecraft:porkchop":10,"minecraft:arrow":2,"minecraft:rotten_flesh":1,"minecraft:baked_potato":6,"minecraft:oak_sapling":5,"minecraft:mutton":8,"minecraft:white_wool":4,"minecraft:cobblestone":24},"minecraft:killed":{"minecraft:pig":4,"minecraft:spider":1,"minecraft:sheep":5,"minecraft:zombie":1,"minecraft:chicken":1,"minecraft:cow":4},"minecraft:mined":{"minecraft:acacia_log":15,"minecraft:grass_block":1,"minecraft:chest":1,"minecraft:tall_grass":3,"minecraft:sugar_cane":6,"minecraft:seagrass":1,"minecraft:furnace":2,"minecraft:iron_ore":3,"minecraft:yellow_bed":1,"minecraft:grass":11,"minecraft:oak_log":31,"minecraft:dirt":5,"minecraft:acacia_planks":1,"minecraft:stone":24,"minecraft:oak_leaves":3},"minecraft:dropped":{"minecraft:wooden_pickaxe":1}},"DataVersion":3465}