{"stats":{"minecraft:broken":{"minecraft:stone_pickaxe":1,"minecraft:shield":1,"minecraft:stone_axe":1},"minecraft:custom":{"minecraft:mob_kills":29,"minecraft:interact_with_crafting_table":28,"minecraft:interact_with_campfire":28,"minecraft:leave_game":36,"minecraft:time_since_death":65123,"minecraft:sprint_one_cm":361169,"minecraft:walk_one_cm":163382,"minecraft:damage_blocked_by_shield":3585,"minecraft:drop":6,"minecraft:talked_to_villager":11,"minecraft:play_time":139262,"minecraft:deaths":1,"minecraft:sneak_time":2009,"minecraft:walk_under_water_one_cm":2284,"minecraft:jump":3481,"minecraft:interact_with_blast_furnace":1,"minecraft:walk_on_water_one_cm":9063,"minecraft:total_world_time":139262,"minecraft:interact_with_furnace":25,"minecraft:traded_with_villager":22,"minecraft:sleep_in_bed":11,"minecraft:time_since_rest":24115,"minecraft:damage_taken":2143,"minecraft:damage_dealt":3951,"minecraft:swim_one_cm":7346,"minecraft:fly_one_cm":814782,"minecraft:open_chest":14,"minecraft:crouch_one_cm":7099,"minecraft:fall_one_cm":97643},"minecraft:used":{"minecraft:cherry_sapling":2,"minecraft:stone_sword":44,"minecraft:chest":2,"minecraft:shield":55,"minecraft:stone":3,"minecraft:wooden_shovel":6,"minecraft:cooked_chicken":1,"minecraft:torch":69,"minecraft:dirt":9,"minecraft:iron_axe":186,"minecraft:furnace":3,"minecraft:cooked_beef":10,"minecraft:acacia_planks":34,"minecraft:cobbled_deepslate":4,"minecraft:cooked_mutton":3,"minecraft:stone_pickaxe":138,"minecraft:baked_potato":6,"minecraft:oak_planks":13,"minecraft:wooden_pickaxe":16,"minecraft:cherry_planks":3,"minecraft:fletching_table":1,"minecraft:sugar_cane":8,"minecraft:crafting_table":3,"minecraft:blast_furnace":1,"minecraft:campfire":3,"minecraft:apple":12,"minecraft:bread":21,"minecraft:iron_pickaxe":8,"minecraft:stone_axe":104,"minecraft:cobblestone":26,"minecraft:yellow_bed":2},"minecraft:crafted":{"minecraft:cherry_planks":88,"minecraft:wooden_sword":1,"minecraft:oak_planks":360,"minecraft:smooth_stone":4,"minecraft:furnace":2,"minecraft:blast_furnace":1,"minecraft:stone":7,"minecraft:cooked_mutton":2,"minecraft:iron_axe":1,"minecraft:stone_pickaxe":1,"minecraft:chest":1,"minecraft:cooked_beef":2,"minecraft:wooden_shovel":1,"minecraft:emerald":20,"minecraft:crafting_table":3,"minecraft:wooden_pickaxe":1,"minecraft:fletching_table":1,"minecraft:birch_planks":132,"minecraft:campfire":3,"minecraft:stone_axe":1,"minecraft:air":0,"minecraft:iron_chestplate":1,"minecraft:charcoal":3,"minecraft:shield":2,"minecraft:stick":952,"minecraft:iron_pickaxe":1,"minecraft:iron_ingot":16,"minecraft:wooden_axe":1,"minecraft:stone_sword":1,"minecraft:iron_leggings":1,"minecraft:acacia_planks":60,"minecraft:torch":88},"minecraft:picked_up":{"minecraft:chicken":1,"minecraft:shield":1,"minecraft:string":2,"minecraft:cobbled_deepslate":4,"minecraft:beef":8,"minecraft:sugar_cane":8,"minecraft:chest":2,"minecraft:egg":5,"minecraft:furnace":2,"minecraft:stick":14,"minecraft:raw_iron":45,"minecraft:torch":15,"minecraft:acacia_log":15,"minecraft:porkchop":10,"minecraft:cherry_log":44,"minecraft:diorite":2,"minecraft:stone_sword":1,"minecraft:arrow":6,"minecraft:rotten_flesh":9,"minecraft:mutton":8,"minecraft:white_wool":8,"minecraft:cobblestone":57,"minecraft:birch_log":33,"minecraft:pink_petals":10,"minecraft:feather":4,"minecraft:cooked_beef":16,"minecraft:cherry_planks":2,"minecraft:glow_ink_sac":8,"minecraft:leather":14,"minecraft:golden_leggings":1,"minecraft:flint":2,"minecraft:tuff":1,"minecraft:oak_log":183,"minecraft:yellow_bed":3,"minecraft:dirt":9,"minecraft:cooked_mutton":1,"minecraft:bone":7,"minecraft:acacia_planks":13,"minecraft:apple":12,"minecraft:wheat_seeds":14,"minecraft:raw_gold":3,"minecraft:stone_pickaxe":2,"minecraft:iron_ingot":2,"minecraft:cooked_chicken":2,"minecraft:oak_planks":23,"minecraft:cooked_porkchop":16,"minecraft:spider_eye":1,"minecraft:diamond":1,"minecraft:stone_axe":1,"minecraft:cherry_sapling":2,"minecraft:emerald":1,"minecraft:bread":5,"minecraft:baked_potato":6,"minecraft:oak_sapling":29,"minecraft:coal":68},"minecraft:killed":{"minecraft:spider":2,"minecraft:skeleton":4,"minecraft:chicken":1,"minecraft:pig":4,"minecraft:zombie_villager":1,"minecraft:sheep":5,"minecraft:zombie":8,"minecraft:cow":4},"minecraft:mined":{"minecraft:tuff":1,"minecraft:deepslate_diamond_ore":1,"minecraft:cherry_log":22,"minecraft:acacia_log":15,"minecraft:grass_block":2,"minecraft:furnace":2,"minecraft:iron_ore":18,"minecraft:deepslate_iron_ore":23,"minecraft:stone":37,"minecraft:cherry_planks":2,"minecraft:torch":5,"minecraft:chest":1,"minecraft:tall_grass":11,"minecraft:cobblestone":18,"minecraft:deepslate_gold_ore":3,"minecraft:sugar_cane":6,"minecraft:oak_planks":8,"minecraft:diorite":1,"minecraft:wall_torch":3,"minecraft:pink_petals":3,"minecraft:seagrass":1,"minecraft:birch_log":33,"minecraft:yellow_bed":2,"minecraft:grass":56,"minecraft:oak_log":167,"minecraft:coal_ore":43,"minecraft:cherry_leaves":12,"minecraft:dirt":7,"minecraft:acacia_planks":2,"minecraft:oak_leaves":16,"minecraft:deepslate":4},"minecraft:killed_by":{"minecraft:skeleton":1},"minecraft:dropped":{"minecraft:stick":1,"minecraft:wooden_axe":1,"minecraft:wooden_sword":1,"minecraft:wooden_shovel":1,"minecraft:wooden_pickaxe":1,"minecraft:stone_pickaxe":1}},"DataVersion":3465}