{"stats":{"minecraft:custom":{"minecraft:interact_with_furnace":12,"minecraft:mob_kills":16,"minecraft:interact_with_crafting_table":14,"minecraft:interact_with_campfire":28,"minecraft:leave_game":26,"minecraft:time_since_death":0,"minecraft:sleep_in_bed":5,"minecraft:time_since_rest":41,"minecraft:sprint_one_cm":150369,"minecraft:damage_taken":820,"minecraft:walk_one_cm":76069,"minecraft:damage_blocked_by_shield":210,"minecraft:drop":5,"minecraft:damage_dealt":1500,"minecraft:swim_one_cm":6573,"minecraft:talked_to_villager":3,"minecraft:fly_one_cm":475772,"minecraft:open_chest":5,"minecraft:crouch_one_cm":5425,"minecraft:play_time":74100,"minecraft:deaths":1,"minecraft:sneak_time":1464,"minecraft:walk_under_water_one_cm":577,"minecraft:jump":1831,"minecraft:walk_on_water_one_cm":2687,"minecraft:total_world_time":74100,"minecraft:fall_one_cm":56586},"minecraft:crafted":{"minecraft:wooden_sword":1,"minecraft:oak_planks":32,"minecraft:wooden_shovel":1,"minecraft:crafting_table":2,"minecraft:wooden_pickaxe":1,"minecraft:furnace":1,"minecraft:campfire":3,"minecraft:stone_axe":1,"minecraft:cooked_mutton":2,"minecraft:air":0,"minecraft:charcoal":3,"minecraft:shield":1,"minecraft:stick":24,"minecraft:iron_ingot":3,"minecraft:stone_pickaxe":1,"minecraft:wooden_axe":1,"minecraft:stone_sword":1,"minecraft:acacia_planks":60,"minecraft:torch":16},"minecraft:used":{"minecraft:cooked_mutton":3,"minecraft:cherry_sapling":2,"minecraft:stone_sword":3,"minecraft:stone_pickaxe":49,"minecraft:baked_potato":6,"minecraft:wooden_pickaxe":16,"minecraft:shield":4,"minecraft:wooden_shovel":6,"minecraft:sugar_cane":8,"minecraft:torch":12,"minecraft:dirt":9,"minecraft:crafting_table":2,"minecraft:campfire":3,"minecraft:apple":2,"minecraft:bread":12,"minecraft:stone_axe":94,"minecraft:cobblestone":12,"minecraft:furnace":3,"minecraft:yellow_bed":1,"minecraft:acacia_planks":33},"minecraft:picked_up":{"minecraft:pink_petals":5,"minecraft:feather":2,"minecraft:cooked_beef":8,"minecraft:chicken":1,"minecraft:leather":7,"minecraft:oak_log":37,"minecraft:yellow_bed":2,"minecraft:dirt":9,"minecraft:cooked_mutton":1,"minecraft:bone":3,"minecraft:acacia_planks":12,"minecraft:apple":2,"minecraft:wheat_seeds":7,"minecraft:beef":8,"minecraft:cooked_chicken":1,"minecraft:sugar_cane":8,"minecraft:chest":1,"minecraft:egg":2,"minecraft:furnace":2,"minecraft:stick":2,"minecraft:raw_iron":7,"minecraft:cooked_porkchop":8,"minecraft:torch":3,"minecraft:acacia_log":15,"minecraft:porkchop":10,"minecraft:cherry_log":22,"minecraft:diorite":1,"minecraft:arrow":2,"minecraft:rotten_flesh":1,"minecraft:cherry_sapling":2,"minecraft:baked_potato":6,"minecraft:oak_sapling":5,"minecraft:mutton":8,"minecraft:coal":18,"minecraft:white_wool":4,"minecraft:cobblestone":31},"minecraft:killed":{"minecraft:pig":4,"minecraft:spider":1,"minecraft:sheep":5,"minecraft:zombie":1,"minecraft:chicken":1,"minecraft:cow":4},"minecraft:mined":{"minecraft:cherry_log":22,"minecraft:torch":1,"minecraft:acacia_log":15,"minecraft:grass_block":2,"minecraft:chest":1,"minecraft:tall_grass":11,"minecraft:cobblestone":6,"minecraft:sugar_cane":6,"minecraft:diorite":1,"minecraft:wall_torch":2,"minecraft:pink_petals":3,"minecraft:seagrass":1,"minecraft:furnace":2,"minecraft:iron_ore":7,"minecraft:yellow_bed":2,"minecraft:grass":44,"minecraft:oak_log":37,"minecraft:coal_ore":18,"minecraft:cherry_leaves":12,"minecraft:dirt":7,"minecraft:acacia_planks":1,"minecraft:stone":25,"minecraft:oak_leaves":4},"minecraft:killed_by":{"minecraft:skeleton":1},"minecraft:dropped":{"minecraft:stick":1,"minecraft:wooden_axe":1,"minecraft:wooden_shovel":1,"minecraft:wooden_sword":1,"minecraft:wooden_pickaxe":1}},"DataVersion":3465}