{"stats":{"minecraft:used":{"minecraft:crafting_table":1,"minecraft:bread":1,"minecraft:wooden_pickaxe":16,"minecraft:wooden_shovel":6},"minecraft:crafted":{"minecraft:stone_sword":1,"minecraft:wooden_sword":1,"minecraft:furnace":1,"minecraft:wooden_shovel":1,"minecraft:acacia_planks":32,"minecraft:stone_axe":1,"minecraft:crafting_table":1,"minecraft:stick":20,"minecraft:wooden_pickaxe":1,"minecraft:stone_pickaxe":1,"minecraft:wooden_axe":1},"minecraft:custom":{"minecraft:open_chest":2,"minecraft:time_since_rest":2436,"minecraft:play_time":19450,"minecraft:crouch_one_cm":174,"minecraft:sprint_one_cm":12428,"minecraft:walk_one_cm":12183,"minecraft:sneak_time":107,"minecraft:drop":1,"minecraft:jump":157,"minecraft:leave_game":12,"minecraft:time_since_death":19450,"minecraft:sleep_in_bed":1,"minecraft:total_world_time":19450,"minecraft:interact_with_crafting_table":8,"minecraft:fly_one_cm":38803,"minecraft:fall_one_cm":2717},"minecraft:picked_up":{"minecraft:acacia_log":8,"minecraft:wheat_seeds":1,"minecraft:dirt":6,"minecraft:cobblestone":16},"minecraft:mined":{"minecraft:grass":6,"minecraft:acacia_log":8,"minecraft:grass_block":1,"minecraft:dirt":5,"minecraft:tall_grass":2,"minecraft:stone":16},"minecraft:dropped":{"minecraft:wooden_pickaxe":1}},"DataVersion":3465}