{"stats":{"minecraft:custom":{"minecraft:interact_with_furnace":12,"minecraft:mob_kills":13,"minecraft:interact_with_crafting_table":14,"minecraft:interact_with_campfire":20,"minecraft:leave_game":19,"minecraft:time_since_death":44168,"minecraft:sleep_in_bed":3,"minecraft:time_since_rest":10516,"minecraft:sprint_one_cm":59222,"minecraft:damage_taken":130,"minecraft:walk_one_cm":50546,"minecraft:drop":1,"minecraft:damage_dealt":1140,"minecraft:talked_to_villager":1,"minecraft:fly_one_cm":180582,"minecraft:open_chest":3,"minecraft:crouch_one_cm":5127,"minecraft:play_time":44168,"minecraft:sneak_time":1274,"minecraft:jump":679,"minecraft:walk_on_water_one_cm":1052,"minecraft:total_world_time":44168,"minecraft:fall_one_cm":16056},"minecraft:crafted":{"minecraft:wooden_sword":1,"minecraft:oak_planks":32,"minecraft:wooden_shovel":1,"minecraft:crafting_table":2,"minecraft:wooden_pickaxe":1,"minecraft:furnace":1,"minecraft:campfire":3,"minecraft:stone_axe":1,"minecraft:cooked_mutton":2,"minecraft:air":0,"minecraft:charcoal":3,"minecraft:shield":1,"minecraft:stick":20,"minecraft:iron_ingot":3,"minecraft:stone_pickaxe":1,"minecraft:wooden_axe":1,"minecraft:stone_sword":1,"minecraft:acacia_planks":60},"minecraft:used":{"minecraft:cooked_mutton":2,"minecraft:stone_sword":2,"minecraft:stone_pickaxe":13,"minecraft:wooden_pickaxe":16,"minecraft:wooden_shovel":6,"minecraft:sugar_cane":8,"minecraft:dirt":6,"minecraft:crafting_table":2,"minecraft:campfire":3,"minecraft:bread":4,"minecraft:stone_axe":46,"minecraft:cobblestone":4,"minecraft:furnace":3,"minecraft:acacia_planks":33},"minecraft:picked_up":{"minecraft:feather":2,"minecraft:cooked_beef":7,"minecraft:chicken":1,"minecraft:leather":7,"minecraft:oak_log":20,"minecraft:dirt":6,"minecraft:cooked_mutton":1,"minecraft:acacia_planks":12,"minecraft:apple":2,"minecraft:wheat_seeds":2,"minecraft:beef":8,"minecraft:cooked_chicken":1,"minecraft:sugar_cane":8,"minecraft:egg":1,"minecraft:furnace":2,"minecraft:stick":1,"minecraft:raw_iron":3,"minecraft:cooked_porkchop":6,"minecraft:acacia_log":15,"minecraft:porkchop":7,"minecraft:baked_potato":6,"minecraft:oak_sapling":5,"minecraft:mutton":8,"minecraft:white_wool":4,"minecraft:cobblestone":24},"minecraft:killed":{"minecraft:pig":3,"minecraft:sheep":5,"minecraft:chicken":1,"minecraft:cow":4},"minecraft:mined":{"minecraft:acacia_log":15,"minecraft:grass_block":1,"minecraft:tall_grass":3,"minecraft:sugar_cane":6,"minecraft:seagrass":1,"minecraft:furnace":2,"minecraft:iron_ore":3,"minecraft:grass":11,"minecraft:oak_log":20,"minecraft:dirt":5,"minecraft:acacia_planks":1,"minecraft:stone":24,"minecraft:oak_leaves":2},"minecraft:dropped":{"minecraft:wooden_pickaxe":1}},"DataVersion":3465}