{"stats":{"minecraft:used":{"minecraft:stone_axe":2,"minecraft:crafting_table":1,"minecraft:bread":2,"minecraft:wooden_pickaxe":16,"minecraft:wooden_shovel":6},"minecraft:crafted":{"minecraft:stone_sword":1,"minecraft:wooden_sword":1,"minecraft:furnace":1,"minecraft:wooden_shovel":1,"minecraft:acacia_planks":32,"minecraft:stone_axe":1,"minecraft:crafting_table":1,"minecraft:stick":20,"minecraft:wooden_pickaxe":1,"minecraft:stone_pickaxe":1,"minecraft:wooden_axe":1},"minecraft:custom":{"minecraft:open_chest":2,"minecraft:time_since_rest":6562,"minecraft:play_time":27023,"minecraft:crouch_one_cm":174,"minecraft:sprint_one_cm":23965,"minecraft:walk_one_cm":19210,"minecraft:sneak_time":107,"minecraft:mob_kills":1,"minecraft:drop":1,"minecraft:jump":242,"minecraft:damage_dealt":100,"minecraft:leave_game":17,"minecraft:time_since_death":27023,"minecraft:sleep_in_bed":2,"minecraft:total_world_time":27023,"minecraft:interact_with_crafting_table":8,"minecraft:fly_one_cm":67004,"minecraft:talked_to_villager":1,"minecraft:fall_one_cm":4867},"minecraft:picked_up":{"minecraft:acacia_log":8,"minecraft:wheat_seeds":1,"minecraft:porkchop":2,"minecraft:dirt":6,"minecraft:cobblestone":16},"minecraft:killed":{"minecraft:pig":1},"minecraft:mined":{"minecraft:grass":6,"minecraft:acacia_log":8,"minecraft:grass_block":1,"minecraft:dirt":5,"minecraft:tall_grass":2,"minecraft:stone":16},"minecraft:dropped":{"minecraft:wooden_pickaxe":1}},"DataVersion":3465}