{"stats":{"minecraft:custom":{"minecraft:interact_with_furnace":12,"minecraft:mob_kills":16,"minecraft:interact_with_crafting_table":14,"minecraft:interact_with_campfire":25,"minecraft:leave_game":26,"minecraft:time_since_death":67900,"minecraft:sleep_in_bed":5,"minecraft:time_since_rest":7324,"minecraft:sprint_one_cm":124468,"minecraft:damage_taken":460,"minecraft:walk_one_cm":68305,"minecraft:damage_blocked_by_shield":180,"minecraft:drop":5,"minecraft:damage_dealt":1450,"minecraft:swim_one_cm":4965,"minecraft:talked_to_villager":3,"minecraft:fly_one_cm":406114,"minecraft:open_chest":4,"minecraft:crouch_one_cm":5217,"minecraft:play_time":67900,"minecraft:sneak_time":1378,"minecraft:walk_under_water_one_cm":133,"minecraft:jump":1545,"minecraft:walk_on_water_one_cm":1676,"minecraft:total_world_time":67900,"minecraft:fall_one_cm":43141},"minecraft:crafted":{"minecraft:wooden_sword":1,"minecraft:oak_planks":32,"minecraft:wooden_shovel":1,"minecraft:crafting_table":2,"minecraft:wooden_pickaxe":1,"minecraft:furnace":1,"minecraft:campfire":3,"minecraft:stone_axe":1,"minecraft:cooked_mutton":2,"minecraft:air":0,"minecraft:charcoal":3,"minecraft:shield":1,"minecraft:stick":20,"minecraft:iron_ingot":3,"minecraft:stone_pickaxe":1,"minecraft:wooden_axe":1,"minecraft:stone_sword":1,"minecraft:acacia_planks":60},"minecraft:used":{"minecraft:cooked_mutton":3,"minecraft:stone_sword":2,"minecraft:stone_pickaxe":43,"minecraft:baked_potato":6,"minecraft:wooden_pickaxe":16,"minecraft:shield":3,"minecraft:wooden_shovel":6,"minecraft:sugar_cane":8,"minecraft:dirt":9,"minecraft:crafting_table":2,"minecraft:campfire":3,"minecraft:apple":2,"minecraft:bread":7,"minecraft:stone_axe":94,"minecraft:cobblestone":10,"minecraft:furnace":3,"minecraft:yellow_bed":1,"minecraft:acacia_planks":33},"minecraft:picked_up":{"minecraft:pink_petals":5,"minecraft:feather":2,"minecraft:cooked_beef":8,"minecraft:chicken":1,"minecraft:leather":7,"minecraft:oak_log":37,"minecraft:yellow_bed":2,"minecraft:dirt":9,"minecraft:cooked_mutton":1,"minecraft:bone":3,"minecraft:acacia_planks":12,"minecraft:apple":2,"minecraft:wheat_seeds":5,"minecraft:beef":8,"minecraft:cooked_chicken":1,"minecraft:sugar_cane":8,"minecraft:chest":1,"minecraft:egg":1,"minecraft:furnace":2,"minecraft:stick":2,"minecraft:raw_iron":3,"minecraft:cooked_porkchop":7,"minecraft:acacia_log":15,"minecraft:porkchop":10,"minecraft:cherry_log":22,"minecraft:arrow":2,"minecraft:rotten_flesh":1,"minecraft:cherry_sapling":2,"minecraft:baked_potato":6,"minecraft:oak_sapling":5,"minecraft:mutton":8,"minecraft:coal":18,"minecraft:white_wool":4,"minecraft:cobblestone":31},"minecraft:killed":{"minecraft:pig":4,"minecraft:spider":1,"minecraft:sheep":5,"minecraft:zombie":1,"minecraft:chicken":1,"minecraft:cow":4},"minecraft:mined":{"minecraft:cherry_log":22,"minecraft:acacia_log":15,"minecraft:grass_block":2,"minecraft:chest":1,"minecraft:tall_grass":6,"minecraft:cobblestone":6,"minecraft:sugar_cane":6,"minecraft:pink_petals":3,"minecraft:seagrass":1,"minecraft:furnace":2,"minecraft:iron_ore":3,"minecraft:yellow_bed":2,"minecraft:grass":35,"minecraft:oak_log":37,"minecraft:coal_ore":18,"minecraft:cherry_leaves":12,"minecraft:dirt":7,"minecraft:acacia_planks":1,"minecraft:stone":25,"minecraft:oak_leaves":4},"minecraft:dropped":{"minecraft:stick":1,"minecraft:wooden_axe":1,"minecraft:wooden_shovel":1,"minecraft:wooden_sword":1,"minecraft:wooden_pickaxe":1}},"DataVersion":3465}