{"stats":{"minecraft:used":{"minecraft:crafting_table":1},"minecraft:custom":{"minecraft:time_since_rest":8940,"minecraft:crouch_one_cm":6,"minecraft:leave_game":7,"minecraft:play_time":8940,"minecraft:sprint_one_cm":1803,"minecraft:time_since_death":8940,"minecraft:walk_one_cm":2854,"minecraft:sneak_time":8,"minecraft:total_world_time":8940,"minecraft:interact_with_crafting_table":4,"minecraft:fly_one_cm":3353,"minecraft:jump":11},"minecraft:crafted":{"minecraft:acacia_planks":32,"minecraft:wooden_sword":1,"minecraft:crafting_table":1,"minecraft:stick":4,"minecraft:wooden_axe":1},"minecraft:picked_up":{"minecraft:acacia_log":8},"minecraft:mined":{"minecraft:grass":3,"minecraft:acacia_log":8}},"DataVersion":3465}